Geography,2010 Schizophrenia and Other Psychotic Disorders Hospitalization No.,2010 Schizophrenia and Other Psychotic Disorders Hospitalization Rate*,2010 Male Schizophrenia and Other Psychotic Disorders Hospitalization No.,2010 Male Schizophrenia and Other Psychotic Disorders Hospitalization Rate*,2010 Female Schizophrenia and Other Psychotic Disorders Hospitalization No.,2010 Female Schizophrenia and Other Psychotic Disorders Hospitalization Rate*,2010 White Schizophrenia and Other Psychotic Disorders Hospitalization No.,2010 White Schizophrenia and Other Psychotic Disorders Hospitalization Rate*,2010 Black Schizophrenia and Other Psychotic Disorders Hospitalization No.,2010 Black Schizophrenia and Other Psychotic Disorders Hospitalization Rate*,2010 Hispanic Schizophrenia and Other Psychotic Disorders Hospitalization No.,2010 Hispanic Schizophrenia and Other Psychotic Disorders Hospitalization Rate*,2010 API‡ Schizophrenia and Other Psychotic Disorders Hospitalization No.,2010 API‡ Schizophrenia and Other Psychotic Disorders Hospitalization Rate*,2010 Other Race‡ Schizophrenia and Other Psychotic Disorders Hospitalization No.,2010 Other Race‡ Schizophrenia and Other Psychotic Disorders Hospitalization Rate*,2010 Ages 0‐14 Schizophrenia and Other Psychotic Disorders Hospitalization No.,2010 Ages 0‐14 Schizophrenia and Other Psychotic Disorders Hospitalization Rate*,2010 Ages 15-24 Schizophrenia and Other Psychotic Disorders Hospitalization No.,2010 Ages 15-24 Schizophrenia and Other Psychotic Disorders Hospitalization Rate*,2010 Ages 25-44 Schizophrenia and Other Psychotic Disorders Hospitalization No.,2010 Ages 25-44 Schizophrenia and Other Psychotic Disorders Hospitalization Rate*,2010 Ages 45-64 Schizophrenia and Other Psychotic Disorders Hospitalization No.,2010 Ages 45-64 Schizophrenia and Other Psychotic Disorders Hospitalization Rate*,2010 Ages 65+ Schizophrenia and Other Psychotic Disorders Hospitalization No.,2010 Ages 65+ Schizophrenia and Other Psychotic Disorders Hospitalization Rate*,2011 Schizophrenia and Other Psychotic Disorders Hospitalization No.,2011 Schizophrenia and Other Psychotic Disorders Hospitalization Rate*,2011 Male Schizophrenia and Other Psychotic Disorders Hospitalization No.,2011 Male Schizophrenia and Other Psychotic Disorders Hospitalization Rate*,2011 Female Schizophrenia and Other Psychotic Disorders Hospitalization No.,2011 Female Schizophrenia and Other Psychotic Disorders Hospitalization Rate*,2011 White Schizophrenia and Other Psychotic Disorders Hospitalization No.,2011 White Schizophrenia and Other Psychotic Disorders Hospitalization Rate*,2011 Black Schizophrenia and Other Psychotic Disorders Hospitalization No.,2011 Black Schizophrenia and Other Psychotic Disorders Hospitalization Rate*,2011 Hispanic Schizophrenia and Other Psychotic Disorders Hospitalization No.,2011 Hispanic Schizophrenia and Other Psychotic Disorders Hospitalization Rate*,2011 API‡ Schizophrenia and Other Psychotic Disorders Hospitalization No.,2011 API‡ Schizophrenia and Other Psychotic Disorders Hospitalization Rate*,2011 Other Race‡ Schizophrenia and Other Psychotic Disorders Hospitalization No.,2011 Other Race‡ Schizophrenia and Other Psychotic Disorders Hospitalization Rate*,2011 Ages 0‐14 Schizophrenia and Other Psychotic Disorders Hospitalization No.,2011 Ages 0‐14 Schizophrenia and Other Psychotic Disorders Hospitalization Rate*,2011 Ages 15-24 Schizophrenia and Other Psychotic Disorders Hospitalization No.,2011 Ages 15-24 Schizophrenia and Other Psychotic Disorders Hospitalization Rate*,2011 Ages 25-44 Schizophrenia and Other Psychotic Disorders Hospitalization No.,2011 Ages 25-44 Schizophrenia and Other Psychotic Disorders Hospitalization Rate*,2011 Ages 45-64 Schizophrenia and Other Psychotic Disorders Hospitalization No.,2011 Ages 45-64 Schizophrenia and Other Psychotic Disorders Hospitalization Rate*,2011 Ages 65+ Schizophrenia and Other Psychotic Disorders Hospitalization No.,2011 Ages 65+ Schizophrenia and Other Psychotic Disorders Hospitalization Rate*,2012 Schizophrenia and Other Psychotic Disorders Hospitalization No.,2012 Schizophrenia and Other Psychotic Disorders Hospitalization Rate*,2012 Male Schizophrenia and Other Psychotic Disorders Hospitalization No.,2012 Male Schizophrenia and Other Psychotic Disorders Hospitalization Rate*,2012 Female Schizophrenia and Other Psychotic Disorders Hospitalization No.,2012 Female Schizophrenia and Other Psychotic Disorders Hospitalization Rate*,2012 White Schizophrenia and Other Psychotic Disorders Hospitalization No.,2012 White Schizophrenia and Other Psychotic Disorders Hospitalization Rate*,2012 Black Schizophrenia and Other Psychotic Disorders Hospitalization No.,2012 Black Schizophrenia and Other Psychotic Disorders Hospitalization Rate*,2012 Hispanic Schizophrenia and Other Psychotic Disorders Hospitalization No.,2012 Hispanic Schizophrenia and Other Psychotic Disorders Hospitalization Rate*,2012 API‡ Schizophrenia and Other Psychotic Disorders Hospitalization No.,2012 API‡ Schizophrenia and Other Psychotic Disorders Hospitalization Rate*,2012 Other Race‡ Schizophrenia and Other Psychotic Disorders Hospitalization No.,2012 Other Race‡ Schizophrenia and Other Psychotic Disorders Hospitalization Rate*,2012 Ages 0‐14 Schizophrenia and Other Psychotic Disorders Hospitalization No.,2012 Ages 0‐14 Schizophrenia and Other Psychotic Disorders Hospitalization Rate*,2012 Ages 15-24 Schizophrenia and Other Psychotic Disorders Hospitalization No.,2012 Ages 15-24 Schizophrenia and Other Psychotic Disorders Hospitalization Rate*,2012 Ages 25-44 Schizophrenia and Other Psychotic Disorders Hospitalization No.,2012 Ages 25-44 Schizophrenia and Other Psychotic Disorders Hospitalization Rate*,2012 Ages 45-64 Schizophrenia and Other Psychotic Disorders Hospitalization No.,2012 Ages 45-64 Schizophrenia and Other Psychotic Disorders Hospitalization Rate*,2012 Ages 65+ Schizophrenia and Other Psychotic Disorders Hospitalization No.,2012 Ages 65+ Schizophrenia and Other Psychotic Disorders Hospitalization Rate*,2010 Schizophrenia and Other Psychotic Disorders Emergency Department Discharge No.,2010 Schizophrenia and Other Psychotic Disorders Emergency Department Discharge Rate*,2010 Male Schizophrenia and Other Psychotic Disorders Emergency Department Discharge No.,2010 Male Schizophrenia and Other Psychotic Disorders Emergency Department Discharge Rate*,2010 Female Schizophrenia and Other Psychotic Disorders Emergency Department Discharge No.,2010 Female Schizophrenia and Other Psychotic Disorders Emergency Department Discharge Rate*,2010 White Schizophrenia and Other Psychotic Disorders Emergency Department Discharge No.,2010 White Schizophrenia and Other Psychotic Disorders Emergency Department Discharge Rate*,2010 Black Schizophrenia and Other Psychotic Disorders Emergency Department Discharge No.,2010 Black Schizophrenia and Other Psychotic Disorders Emergency Department Discharge Rate*,2010 Hispanic Schizophrenia and Other Psychotic Disorders Emergency Department Discharge No.,2010 Hispanic Schizophrenia and Other Psychotic Disorders Emergency Department Discharge Rate*,2010 API‡ Schizophrenia and Other Psychotic Disorders Emergency Department Discharge No.,2010 API‡ Schizophrenia and Other Psychotic Disorders Emergency Department Discharge Rate*,2010 Other Race‡ Schizophrenia and Other Psychotic Disorders Emergency Department Discharge No.,2010 Other Race‡ Schizophrenia and Other Psychotic Disorders Emergency Department Discharge Rate*,2010 Ages 0‐14 Schizophrenia and Other Psychotic Disorders Emergency Department Discharge No.,2010 Ages 0‐14 Schizophrenia and Other Psychotic Disorders Emergency Department Discharge Rate*,2010 Ages 15-24 Schizophrenia and Other Psychotic Disorders Emergency Department Discharge No.,2010 Ages 15-24 Schizophrenia and Other Psychotic Disorders Emergency Department Discharge Rate*,2010 Ages 25-44 Schizophrenia and Other Psychotic Disorders Emergency Department Discharge No.,2010 Ages 25-44 Schizophrenia and Other Psychotic Disorders Emergency Department Discharge Rate*,2010 Ages 45-64 Schizophrenia and Other Psychotic Disorders Emergency Department Discharge No.,2010 Ages 45-64 Schizophrenia and Other Psychotic Disorders Emergency Department Discharge Rate*,2010 Ages 65+ Schizophrenia and Other Psychotic Disorders Emergency Department Discharge No.,2010 Ages 65+ Schizophrenia and Other Psychotic Disorders Emergency Department Discharge Rate*,2011 Schizophrenia and Other Psychotic Disorders Emergency Department Discharge No.,2011 Schizophrenia and Other Psychotic Disorders Emergency Department Discharge Rate*,2011 Male Schizophrenia and Other Psychotic Disorders Emergency Department Discharge No.,2011 Male Schizophrenia and Other Psychotic Disorders Emergency Department Discharge Rate*,2011 Female Schizophrenia and Other Psychotic Disorders Emergency Department Discharge No.,2011 Female Schizophrenia and Other Psychotic Disorders Emergency Department Discharge Rate*,2011 White Schizophrenia and Other Psychotic Disorders Emergency Department Discharge No.,2011 White Schizophrenia and Other Psychotic Disorders Emergency Department Discharge Rate*,2011 Black Schizophrenia and Other Psychotic Disorders Emergency Department Discharge No.,2011 Black Schizophrenia and Other Psychotic Disorders Emergency Department Discharge Rate*,2011 Hispanic Schizophrenia and Other Psychotic Disorders Emergency Department Discharge No.,2011 Hispanic Schizophrenia and Other Psychotic Disorders Emergency Department Discharge Rate*,2011 API‡ Schizophrenia and Other Psychotic Disorders Emergency Department Discharge No.,2011 API‡ Schizophrenia and Other Psychotic Disorders Emergency Department Discharge Rate*,2011 Other Race‡ Schizophrenia and Other Psychotic Disorders Emergency Department Discharge No.,2011 Other Race‡ Schizophrenia and Other Psychotic Disorders Emergency Department Discharge Rate*,2011 Ages 0‐14 Schizophrenia and Other Psychotic Disorders Emergency Department Discharge No.,2011 Ages 0‐14 Schizophrenia and Other Psychotic Disorders Emergency Department Discharge Rate*,2011 Ages 15-24 Schizophrenia and Other Psychotic Disorders Emergency Department Discharge No.,2011 Ages 15-24 Schizophrenia and Other Psychotic Disorders Emergency Department Discharge Rate*,2011 Ages 25-44 Schizophrenia and Other Psychotic Disorders Emergency Department Discharge No.,2011 Ages 25-44 Schizophrenia and Other Psychotic Disorders Emergency Department Discharge Rate*,2011 Ages 45-64 Schizophrenia and Other Psychotic Disorders Emergency Department Discharge No.,2011 Ages 45-64 Schizophrenia and Other Psychotic Disorders Emergency Department Discharge Rate*,2011 Ages 65+ Schizophrenia and Other Psychotic Disorders Emergency Department Discharge No.,2011 Ages 65+ Schizophrenia and Other Psychotic Disorders Emergency Department Discharge Rate*,2012 Schizophrenia and Other Psychotic Disorders Emergency Department Discharge No.,2012 Schizophrenia and Other Psychotic Disorders Emergency Department Discharge Rate*,2012 Male Schizophrenia and Other Psychotic Disorders Emergency Department Discharge No.,2012 Male Schizophrenia and Other Psychotic Disorders Emergency Department Discharge Rate*,2012 Female Schizophrenia and Other Psychotic Disorders Emergency Department Discharge No.,2012 Female Schizophrenia and Other Psychotic Disorders Emergency Department Discharge Rate*,2012 White Schizophrenia and Other Psychotic Disorders Emergency Department Discharge No.,2012 White Schizophrenia and Other Psychotic Disorders Emergency Department Discharge Rate*,2012 Black Schizophrenia and Other Psychotic Disorders Emergency Department Discharge No.,2012 Black Schizophrenia and Other Psychotic Disorders Emergency Department Discharge Rate*,2012 Hispanic Schizophrenia and Other Psychotic Disorders Emergency Department Discharge No.,2012 Hispanic Schizophrenia and Other Psychotic Disorders Emergency Department Discharge Rate*,2012 API‡ Schizophrenia and Other Psychotic Disorders Emergency Department Discharge No.,2012 API‡ Schizophrenia and Other Psychotic Disorders Emergency Department Discharge Rate*,2012 Other Race‡ Schizophrenia and Other Psychotic Disorders Emergency Department Discharge No.,2012 Other Race‡ Schizophrenia and Other Psychotic Disorders Emergency Department Discharge Rate*,2012 Ages 0‐14 Schizophrenia and Other Psychotic Disorders Emergency Department Discharge No.,2012 Ages 0‐14 Schizophrenia and Other Psychotic Disorders Emergency Department Discharge Rate*,2012 Ages 15-24 Schizophrenia and Other Psychotic Disorders Emergency Department Discharge No.,2012 Ages 15-24 Schizophrenia and Other Psychotic Disorders Emergency Department Discharge Rate*,2012 Ages 25-44 Schizophrenia and Other Psychotic Disorders Emergency Department Discharge No.,2012 Ages 25-44 Schizophrenia and Other Psychotic Disorders Emergency Department Discharge Rate*,2012 Ages 45-64 Schizophrenia and Other Psychotic Disorders Emergency Department Discharge No.,2012 Ages 45-64 Schizophrenia and Other Psychotic Disorders Emergency Department Discharge Rate*,2012 Ages 65+ Schizophrenia and Other Psychotic Disorders Emergency Department Discharge No.,2012 Ages 65+ Schizophrenia and Other Psychotic Disorders Emergency Department Discharge Rate*
San Diego County (Actual Rate),7713,249.2,4672,300.7,3041,197.3,4546,303.10000000000002,1048,714.9,1475,148.80000000000001,369,108,170,146.9,32,5.4,995,200.7,3133,351.4,3011,396,542,154.19999999999999,8082,259.39999999999998,4757,304.39999999999998,3325,214.1,4511,301.60000000000002,1197,837.6,1600,158.30000000000001,406,116.4,205,174,34,5.7,1079,216.4,3360,377.1,3059,396.8,550,152,8446,268.7,5050,320.39999999999998,3396,216.7,4689,314.2,1212,869.5,1694,163.6,402,112.9,297,246.3,32,5.3,1104,219.6,3379,379.6,3276,423.3,655,174.9,3180,102.7,1974,127.1,1206,78.2,1958,130.5,429,292.60000000000002,559,56.4,113,33.1,85,73.400000000000006,20,3.4,435,87.7,1304,146.30000000000001,1137,149.5,284,80.8,3314,106.4,1987,127.1,1327,85.4,1868,124.9,472,330.3,634,62.7,138,39.6,148,125.6,18,3,470,94.3,1388,155.80000000000001,1117,144.9,321,88.7,3892,123.8,2393,151.80000000000001,1499,95.6,2172,145.5,572,410.4,732,70.7,199,55.9,201,166.7,27,4.5,534,106.2,1655,185.9,1324,171.1,352,94
San Diego County (Age‐Adjusted Rate),7713,244.9,,,,,,,,,,,,,,,,,,,,,,,,,8082,253.1,,,,,,,,,,,,,,,,,,,,,,,,,8446,264.2,,,,,,,,,,,,,,,,,,,,,,,,,3180,100.9,,,,,,,,,,,,,,,,,,,,,,,,,3314,103.9,,,,,,,,,,,,,,,,,,,,,,,,,3892,122.1,,,,,,,,,,,,,,,,,,,,,,,,
Central Region,2587,534,1682,679.1,905,382.3,1372,955.2,591,1042.7,451,220.7,115,180,38,239.6,5,5.6,230,276.60000000000002,1135,703,1101,1031.7,116,268,2641,543.9,1658,668.3,983,413.9,1303,915.6,635,1157.5,497,239.1,138,213.8,35,218.4,5,5.5,292,363.6,1151,707.9,1077,992.4,116,263.3,2906,594.6,1836,735.8,1070,447.2,1363,962.6,726,1368.6,557,262.3,134,205,73,445.3,9,9.800000000000001,287,365.3,1261,771.6,1202,1098.5999999999999,147,325.89999999999998,755,155.9,532,214.8,223,94.2,409,284.7,189,333.5,114,55.8,24,37.6,15,94.6,<5,§,70,84.2,367,227.3,280,262.39999999999998,35,80.900000000000006,784,161.5,500,201.5,284,119.6,371,260.7,193,351.8,159,76.5,37,57.3,16,99.8,<5,§,79,98.4,371,228.2,294,270.89999999999998,36,81.7,1106,226.3,703,281.8,403,168.4,549,387.7,289,544.79999999999995,182,85.7,49,75,36,219.6,<5,§,91,115.8,507,310.2,445,406.7,59,130.80000000000001
Central San Diego,1124,678.9,737,814.2,387,515.6,673,817.8,229,1994.4,170,295,21,247.1,19,334.7,<5,§,63,274,507,727.1,496,1307.0999999999999,56,360.3,1148,691.7,739,815.8,409,542.6,659,805.1,255,2294.4,155,264.3,45,522,15,261.60000000000002,<5,§,86,414.7,510,724.3,495,1280.0999999999999,56,348.9,1261,755.9,806,886.9,455,599.20000000000005,663,814.1,295,2746.2,216,360,24,273.5,36,614.6,<5,§,70,367.8,530,750.2,595,1523.3,66,395.9,367,221.7,265,292.8,102,135.9,207,251.5,88,766.4,53,92,7,82.4,9,158.5,<5,§,16,69.599999999999994,189,271,146,384.7,14,90.1,350,210.9,236,260.5,114,151.19999999999999,204,249.2,79,710.8,51,87,9,104.4,5,87.2,<5,§,23,110.9,180,255.6,126,325.89999999999998,19,118.4,504,302.10000000000002,337,370.8,167,219.9,283,347.5,140,1303.3,53,88.3,12,136.69999999999999,15,256.10000000000002,<5,§,17,89.3,236,334,225,576.1,24,144
Mid‐City,559,342.9,330,406.4,229,279.8,280,602.79999999999995,120,621.20000000000005,95,138.80000000000001,53,225,8,152.30000000000001,<5,§,52,156.30000000000001,233,462.3,243,741.6,28,219,600,367.7,373,459,227,277.10000000000002,261,570.5,127,675.6,140,201.3,45,189.2,17,320.60000000000002,<5,§,87,269,243,479.5,245,731.7,23,178.2,681,413,401,488.4,280,338.2,275,602.79999999999995,174,946.7,139,195,66,272.7,12,220.9,7,20.3,100,312.2,266,519.6,274,804.7,34,258.39999999999998,139,85.3,87,107.1,52,63.5,69,148.5,34,176,23,33.6,10,42.5,<5,§,<5,§,21,63.1,63,125,40,122.1,15,117.3,175,107.2,112,137.80000000000001,63,76.900000000000006,75,163.9,28,149,46,66.099999999999994,14,58.9,9,169.7,<5,§,24,74.2,84,165.8,60,179.2,5,38.700000000000003,249,151,144,175.4,105,126.8,116,254.3,47,255.7,56,78.599999999999994,22,90.9,8,147.19999999999999,<5,§,35,109.3,110,214.9,86,252.6,16,121.6
Southeastern San Diego,904,580.20000000000005,615,809.6,289,362,419,2812.3,242,935.2,186,237.6,41,128.80000000000001,11,223.3,<5,§,115,428,395,955.9,362,1005.5,32,214,893,570.9,546,716.2,347,432.9,383,2602.4,253,1014.1,202,253.7,48,149.30000000000001,<5,§,<5,§,119,437.2,398,959.1,337,926.3,37,244.9,964,613.9,629,822,335,416.1,425,2923.8,257,1074.2,202,249.1,44,135.9,25,489.8,<5,§,117,425.5,465,1118,333,917.4,47,307.60000000000002,249,159.80000000000001,180,236.9,69,86.4,133,892.7,67,258.89999999999998,38,48.5,7,22,<5,§,<5,§,33,122.8,115,278.3,94,261.10000000000002,6,40.1,259,165.6,152,199.4,107,133.5,92,625.1,86,344.7,62,77.900000000000006,14,43.6,<5,§,<5,§,32,117.6,107,257.8,108,296.89999999999998,12,79.400000000000006,353,224.8,222,290.10000000000002,131,162.69999999999999,150,1031.9000000000001,102,426.3,73,90,15,46.3,13,254.7,<5,§,39,141.80000000000001,161,387.1,134,369.2,19,124.4
East Region,1817,392.3,1060,464.8,757,322,1265,453,178,669.7,261,225.8,51,246.7,31,147.69999999999999,7,7.8,230,335.6,651,537.1,773,606.5,156,278.8,2052,439.7,1169,508.7,883,372.8,1322,473.8,236,906.1,313,263.2,47,221.6,84,391.9,6,6.7,212,305.5,801,662.5,842,654.20000000000005,191,326.5,2054,437,1205,520.29999999999995,849,356.1,1371,492.8,191,749.9,326,265.7,42,194.1,92,418.5,8,8.9,219,312.8,689,571.29999999999995,893,696.7,245,399.8,696,150.30000000000001,382,167.5,314,133.6,480,171.9,85,319.8,93,80.400000000000006,17,82.2,9,42.9,5,5.6,100,145.9,243,200.5,289,226.8,59,105.5,732,156.9,432,188,300,126.7,434,155.5,90,345.5,118,99.2,8,37.700000000000003,56,261.3,<5,§,90,129.69999999999999,321,265.5,253,196.6,68,116.3,849,180.6,490,211.6,359,150.6,492,176.9,101,396.5,148,120.6,26,120.2,75,341.1,<5,§,104,148.6,363,301,291,227,88,143.6
Alpine,79,525.4,37,496,42,554.4,46,389.5,6,3773.6,18,812.6,<5,§,<5,§,<5,§,17,861.6,46,1405.4,14,287.5,<5,§,78,514.5,39,517.70000000000005,39,511.5,45,382.6,7,4191.6000000000004,9,384.3,<5,§,6,1145,<5,§,17,801.9,41,1290.5,18,366.4,<5,§,62,407.2,38,503.1,24,312.8,26,222.8,12,6896.6,12,484.5,5,1351.4,<5,§,<5,§,19,855.1,27,862.1,13,270.7,<5,§,14,93.1,6,80.400000000000006,8,105.6,9,76.2,<5,§,<5,§,<5,§,<5,§,<5,§,<5,§,<5,§,6,123.2,<5,§,12,79.2,6,79.599999999999994,6,78.7,6,51,<5,§,<5,§,<5,§,<5,§,<5,§,<5,§,5,157.4,<5,§,<5,§,26,170.8,13,172.1,13,169.4,10,85.7,<5,§,<5,§,<5,§,6,1117.3,<5,§,5,225,6,191.6,13,270.7,<5,§
El Cajon,538,432,353,579.4,185,290.89999999999998,408,553.9,43,614.5,68,205.1,8,180.1,6,95.6,<5,§,43,218.7,205,621,235,741.3,55,375,720,574.79999999999995,415,676.5,305,477.2,487,662.4,84,1225.7,93,273.7,16,352,27,424,<5,§,37,187.9,230,694.7,369,1151.8,83,548.79999999999995,781,619.6,463,749.2,318,494.9,523,713.4,74,1104.3,119,341,15,324,43,660.2,<5,§,48,244.5,214,645.9,411,1283.9000000000001,108,690.4,213,171,133,218.3,80,125.8,154,209.1,19,271.5,25,75.400000000000006,7,157.6,<5,§,<5,§,16,81.400000000000006,83,251.4,102,321.8,11,75,210,167.6,127,207,83,129.9,146,198.6,27,394,18,53,<5,§,14,219.8,<5,§,18,91.4,85,256.7,80,249.7,27,178.5,243,192.8,134,216.8,109,169.6,145,197.8,25,373.1,36,103.2,5,108,29,445.3,<5,§,20,101.9,95,286.7,106,331.1,22,140.6
Harbison Crest/El Cajon,854,613.6,521,763.5,333,469.4,629,737.5,77,1081,105,297.89999999999998,16,340.3,13,191,<5,§,66,306.60000000000002,313,873.3,390,1055.9000000000001,82,479.3,1039,742,578,841.2,461,646.4,697,818.7,107,1531.9,148,408.9,22,456.6,44,637.70000000000005,<5,§,68,314.2,353,983.6,496,1330.9,121,683.2,1110,787.7,646,933.2,464,647.20000000000005,760,895.5,97,1418.8,157,421.3,24,489.7,56,794.7,<5,§,89,410.5,320,891.4,550,1480.4,151,821.1,327,235,189,277,138,194.5,235,275.5,38,533.5,36,102.1,8,170.1,<5,§,<5,§,30,139.4,127,354.3,147,398,21,122.7,325,232.1,193,280.89999999999998,132,185.1,218,256.10000000000002,35,501.1,32,88.4,<5,§,28,405.8,<5,§,33,152.5,135,376.2,122,327.39999999999998,35,197.6,374,265.39999999999998,204,294.7,170,237.1,236,278.10000000000002,38,555.79999999999995,46,123.4,10,204,41,581.79999999999995,<5,§,34,156.80000000000001,144,401.1,158,425.3,38,206.6
Jamul,43,226.8,14,128.5,29,359.8,24,228.9,9,984.7,7,121,<5,§,<5,§,<5,§,9,283.60000000000002,10,208.5,20,333.9,<5,§,38,216.2,25,247.4,13,173.9,31,324.3,<5,§,<5,§,<5,§,<5,§,<5,§,7,232,17,392.5,9,161.30000000000001,5,255.2,38,210.2,22,211.7,16,208.1,34,350.8,<5,§,<5,§,<5,§,<5,§,<5,§,6,192,20,459,7,122,5,230.8,18,94.9,10,91.8,8,99.3,10,95.4,5,547,<5,§,<5,§,<5,§,<5,§,<5,§,5,104.3,8,133.6,<5,§,11,62.6,<5,§,7,93.7,8,83.7,<5,§,<5,§,<5,§,<5,§,<5,§,<5,§,<5,§,6,107.6,<5,§,18,99.6,10,96.2,8,104.1,12,123.8,<5,§,<5,§,<5,§,<5,§,<5,§,<5,§,12,275.39999999999998,5,87.2,<5,§
La Mesa,173,292.8,89,315.8,84,271.7,127,342.8,17,410.4,20,168.7,<5,§,<5,§,<5,§,15,177.9,57,333.8,76,494.8,25,290.89999999999998,204,340.1,117,408.7,87,277.39999999999998,127,340.5,34,827.5,24,194.6,<5,§,10,374.7,<5,§,32,391.7,79,452.3,71,452.5,21,237.2,207,343.2,113,392.3,94,298.3,164,441.8,16,396.6,19,149,<5,§,5,182.3,<5,§,37,477.2,58,326.2,78,500.2,33,363.8,70,118.5,45,159.69999999999999,25,80.900000000000006,47,126.9,5,120.7,13,109.7,<5,§,<5,§,<5,§,10,118.6,26,152.30000000000001,21,136.69999999999999,13,151.30000000000001,87,145,58,202.6,29,92.5,44,118,14,340.7,8,64.900000000000006,<5,§,9,337.2,<5,§,16,195.9,28,160.30000000000001,36,229.5,7,79.099999999999994,129,213.9,77,267.3,52,165,93,250.6,9,223.1,15,117.6,<5,§,8,291.7,<5,§,26,335.3,50,281.2,33,211.6,19,209.5
Laguna‐Pine  Valley,<5,§,<5,§,<5,§,<5,§,<5,§,<5,§,<5,§,<5,§,<5,§,<5,§,<5,§,<5,§,<5,§,<5,§,<5,§,<5,§,<5,§,<5,§,<5,§,<5,§,<5,§,<5,§,<5,§,<5,§,<5,§,<5,§,<5,§,<5,§,<5,§,<5,§,<5,§,<5,§,<5,§,<5,§,<5,§,<5,§,<5,§,<5,§,<5,§,<5,§,<5,§,<5,§,<5,§,<5,§,<5,§,<5,§,<5,§,<5,§,<5,§,<5,§,<5,§,<5,§,<5,§,<5,§,<5,§,<5,§,<5,§,<5,§,<5,§,<5,§,<5,§,<5,§,<5,§,<5,§,<5,§,<5,§,<5,§,<5,§,<5,§,<5,§,<5,§,<5,§,<5,§,<5,§,<5,§,<5,§,<5,§,<5,§
Lakeside,96,171.4,57,205.7,39,137.69999999999999,70,171.4,6,607.29999999999995,12,115.8,<5,§,<5,§,<5,§,19,237.5,32,220.9,37,230.9,6,99.5,115,204,63,226,52,182.5,77,188.4,8,821.4,23,216.5,<5,§,<5,§,<5,§,7,86.8,57,396.1,41,252.9,6,94.2,79,138.69999999999999,45,159.69999999999999,34,118.1,55,134.1,<5,§,14,127.4,<5,§,5,182.9,<5,§,<5,§,38,265.3,33,204.4,<5,§,35,62.5,19,68.599999999999994,16,56.5,27,66.099999999999994,<5,§,5,48.2,<5,§,<5,§,<5,§,10,125,12,82.9,10,62.4,<5,§,55,97.6,31,111.2,24,84.2,38,93,6,616,10,94.1,<5,§,<5,§,<5,§,<5,§,31,215.4,16,98.7,6,94.2,46,80.8,27,95.8,19,66,32,78,<5,§,5,45.5,<5,§,5,182.9,<5,§,5,60.2,18,125.7,18,111.5,5,73.2
Lemon Grove,110,369,53,365.5,57,372.3,74,781.7,17,386.5,17,135.9,<5,§,<5,§,<5,§,23,503.9,28,349,52,680.5,6,181.2,102,340.6,51,350.2,51,331.5,60,641.5,14,327.60000000000002,21,163.9,<5,§,<5,§,<5,§,12,257,45,564.1,36,467.2,9,263.3,114,378.6,74,505.6,40,258.5,68,736.6,22,529.4,21,159.9,<5,§,<5,§,<5,§,19,395.5,46,584.6,33,427.6,14,395.5,56,187.9,26,179.3,30,195.9,34,359.1,12,272.89999999999998,8,64,<5,§,<5,§,<5,§,6,131.5,12,149.6,31,405.7,7,211.4,67,223.7,32,219.7,35,227.5,40,427.7,10,234,14,109.3,<5,§,<5,§,<5,§,13,278.39999999999998,32,401.2,18,233.6,<5,§,56,186,36,246,20,129.30000000000001,23,249.2,20,481.2,12,91.3,<5,§,<5,§,<5,§,10,208.2,24,305,18,233.2,<5,§
Mountain Empire,8,105.4,<5,§,<5,§,5,120.8,<5,§,<5,§,<5,§,<5,§,<5,§,<5,§,<5,§,<5,§,<5,§,13,152.80000000000001,5,109.3,8,203.6,8,177.3,<5,§,<5,§,<5,§,<5,§,<5,§,<5,§,7,365,<5,§,<5,§,26,303.60000000000002,17,368.8,9,227.7,9,204.8,<5,§,15,465,<5,§,<5,§,<5,§,9,710.9,7,373.3,10,416,<5,§,8,105.4,<5,§,6,171.2,5,120.8,<5,§,<5,§,<5,§,<5,§,<5,§,<5,§,<5,§,<5,§,<5,§,7,82.3,<5,§,5,127.2,<5,§,<5,§,<5,§,<5,§,<5,§,<5,§,<5,§,<5,§,<5,§,<5,§,14,163.5,7,151.80000000000001,7,177.1,7,159.30000000000001,<5,§,6,186,<5,§,<5,§,<5,§,5,394.9,<5,§,<5,§,<5,§
Santee,71,138.80000000000001,47,189.8,24,91,56,147.5,<5,§,8,98.4,<5,§,<5,§,<5,§,11,157.19999999999999,19,137,28,189.8,12,209.9,76,147,47,187.8,29,108.7,47,123.1,<5,§,16,190.7,<5,§,5,234.6,<5,§,24,331.3,22,160.5,21,140,9,148.80000000000001,83,159.80000000000001,40,158.80000000000001,43,160.6,67,175.7,<5,§,11,127.2,<5,§,<5,§,<5,§,10,135,26,193.1,34,227.6,10,156.6,40,78.2,17,68.599999999999994,23,87.2,32,84.3,<5,§,6,73.8,<5,§,<5,§,<5,§,6,85.7,12,86.5,16,108.5,6,105,27,52.2,12,48,15,56.2,18,47.2,<5,§,<5,§,<5,§,5,234.6,<5,§,5,69,9,65.7,8,53.3,5,82.7,44,84.7,19,75.5,25,93.4,28,73.400000000000006,<5,§,7,81,<5,§,6,276.60000000000002,<5,§,7,94.5,17,126.2,10,66.900000000000006,9,141
Spring Valley,380,469.1,235,596.20000000000005,145,348.7,232,606.4,43,555,71,272.5,20,378.3,6,164.1,<5,§,67,554.4,142,674.2,153,709.4,18,191.2,386,472.2,243,611.1,143,340.7,229,598.6,62,818.6,65,242.9,15,277.7,9,240.6,<5,§,41,331.2,180,856.4,147,675.5,18,182.7,332,403.8,209,522.6,123,291.3,186,488.7,38,516.70000000000005,73,265.89999999999998,10,182.2,16,414.3,<5,§,27,215,146,699.9,135,621.6,24,236.2,128,158,68,172.5,60,144.30000000000001,81,211.7,23,296.89999999999998,20,76.8,<5,§,<5,§,<5,§,30,248.2,45,213.7,46,213.3,5,53.1,141,172.5,94,236.4,47,112,59,154.19999999999999,23,303.7,44,164.4,<5,§,11,294.10000000000002,<5,§,14,113.1,79,375.9,42,193,6,60.9,141,171.5,97,242.6,44,104.2,50,131.4,24,326.39999999999998,52,189.4,7,127.6,8,207.1,<5,§,12,95.5,88,421.9,33,152,7,68.900000000000006
North Central Region,724,119.9,412,134.80000000000001,312,104.5,469,128.5,60,319.7,87,101.6,65,60,26,99.6,5,5.3,113,110.2,300,156.30000000000001,244,170.7,62,86.3,758,124.3,424,137.5,334,110.9,441,120.8,84,449.3,92,104.9,88,78.900000000000006,21,78.900000000000006,6,6.4,134,129.4,316,163.19999999999999,224,155,78,105.9,768,124.9,407,130.9,361,118.7,484,132.6,66,355.3,84,93.2,68,59.6,42,153.9,<5,§,101,97.7,333,171.2,235,162,96,126.2,318,52.7,196,64.2,122,40.9,215,58.9,36,191.8,39,45.5,17,15.7,9,34.5,<5,§,45,43.9,109,56.8,109,76.3,52,72.3,311,51,169,54.8,142,47.1,201,55,27,144.4,40,45.6,24,21.5,14,52.6,<5,§,56,54.1,110,56.8,82,56.8,62,84.2,361,58.7,211,67.900000000000006,150,49.3,231,63.3,37,199.2,37,41,39,34.200000000000003,16,58.6,<5,§,47,45.4,152,78.099999999999994,97,66.900000000000006,64,84.1
Coastal,104,138,71,182.8,33,90.3,80,131.5,7,961.5,9,111.9,<5,§,<5,§,<5,§,22,197.4,35,126.4,33,200.6,14,112.9,120,158.80000000000001,72,184.9,48,131.1,94,155,<5,§,11,133.4,7,205.5,<5,§,<5,§,26,235.5,42,150.69999999999999,34,207.2,18,142.69999999999999,82,108,45,115.2,37,100.5,71,117.3,<5,§,<5,§,<5,§,<5,§,<5,§,<5,§,44,157.4,17,103,17,133.5,44,58.4,33,85,11,30.1,28,46,9,1236.3,<5,§,<5,§,<5,§,<5,§,<5,§,15,54.2,17,103.3,11,88.7,46,60.9,24,61.6,22,60.1,34,56.1,<5,§,7,84.9,<5,§,<5,§,<5,§,6,54.4,14,50.2,13,79.2,13,103.1,44,58,23,58.9,21,57,35,57.8,<5,§,<5,§,<5,§,<5,§,<5,§,9,81.5,19,68,8,48.5,8,62.8
Del Mar‐Mira Mesa,123,78.099999999999994,58,73.400000000000006,65,82.8,63,82.9,14,378.2,9,57,27,49.2,8,111.4,<5,§,12,62.2,68,143.1,33,73.7,9,66.099999999999994,133,83.9,53,66.7,80,101.2,57,75.2,7,194.7,13,80.7,51,91.4,<5,§,<5,§,18,90,59,126.5,41,89.7,13,90.4,102,63.7,41,51.2,61,76.3,50,65.900000000000006,5,142.9,<5,§,31,54.5,8,109.4,<5,§,19,90.1,48,104.9,21,45.4,13,84.1,52,33,23,29.1,29,36.9,35,46.1,<5,§,<5,§,9,16.399999999999999,<5,§,<5,§,5,25.9,17,35.799999999999997,18,40.200000000000003,11,80.8,57,36,27,34,30,37.9,31,40.9,<5,§,7,43.5,14,25.1,<5,§,<5,§,12,60,15,32.200000000000003,20,43.7,10,69.599999999999994,71,44.4,28,35,43,53.8,30,39.6,<5,§,7,42.4,28,49.2,<5,§,<5,§,14,66.400000000000006,28,61.2,18,38.9,10,64.7
Elliott‐Navajo,76,85.3,43,99.5,33,71.900000000000006,63,104.8,<5,§,<5,§,<5,§,<5,§,<5,§,13,117.2,27,107.2,24,106.7,11,82.8,74,82.8,39,89.9,35,76,49,81.8,7,175.9,7,53.1,<5,§,<5,§,<5,§,16,147.69999999999999,33,130,20,88.5,5,36.6,115,127.4,62,141.5,53,114.1,69,115,15,380.1,15,110.8,5,61.1,11,240.5,<5,§,17,157.4,54,211.7,32,142.4,12,84.2,65,72.900000000000006,38,87.9,27,58.9,50,83.2,7,174.1,7,53.9,<5,§,<5,§,<5,§,20,180.3,12,47.7,23,102.3,10,75.3,57,63.7,35,80.7,22,47.8,37,61.8,8,201.1,8,60.6,<5,§,<5,§,<5,§,11,101.5,23,90.6,13,57.5,10,73.2,67,74.2,47,107.3,20,43.1,42,70,9,228.1,11,81.3,<5,§,<5,§,<5,§,8,74.099999999999994,30,117.6,18,80.099999999999994,11,77.2
Kearny Mesa,323,213.6,186,246.9,137,180.6,205,243.1,29,431.8,48,143.30000000000001,26,131.1,6,87.7,<5,§,51,216.5,128,257.39999999999998,129,362.1,13,68.2,321,211.6,195,258.10000000000002,126,165.5,177,210.9,52,788.7,53,155.5,22,109.1,9,130,<5,§,57,259.2,126,248.6,105,290.5,31,159.9,334,219.1,186,245,148,193.4,188,225,40,616.9,54,155,26,126.9,11,155.80000000000001,<5,§,44,214.4,126,244.9,129,354.7,33,167.7,121,80,81,107.5,40,52.7,76,90.1,14,208.5,23,68.7,<5,§,<5,§,<5,§,15,63.7,49,98.6,40,112.3,15,78.7,121,79.8,71,94,50,65.7,75,89.3,13,197.2,18,52.8,5,24.8,8,115.6,<5,§,23,104.6,45,88.8,30,83,22,113.5,118,77.400000000000006,74,97.5,44,57.5,85,101.7,12,185.1,12,34.4,5,24.4,<5,§,<5,§,8,39,48,93.3,36,99,26,132.1
Miramar,<5,§,<5,§,<5,§,<5,§,<5,§,<5,§,<5,§,<5,§,<5,§,<5,§,<5,§,<5,§,<5,§,<5,§,<5,§,<5,§,<5,§,<5,§,<5,§,<5,§,<5,§,<5,§,<5,§,<5,§,<5,§,<5,§,6,118.3,<5,§,6,492.6,6,197.8,<5,§,<5,§,<5,§,<5,§,<5,§,<5,§,<5,§,6,7317.1,<5,§,<5,§,<5,§,<5,§,<5,§,<5,§,<5,§,<5,§,<5,§,<5,§,<5,§,<5,§,<5,§,<5,§,<5,§,<5,§,<5,§,<5,§,<5,§,<5,§,<5,§,<5,§,<5,§,<5,§,<5,§,<5,§,<5,§,<5,§,<5,§,<5,§,<5,§,<5,§,<5,§,<5,§,<5,§,<5,§,<5,§,<5,§,<5,§,<5,§
Peninsula,49,77.900000000000006,34,99.5,15,52.2,30,62.5,<5,§,12,146.4,<5,§,<5,§,<5,§,11,88,20,95,13,90.8,<5,§,56,88.8,42,122.2,14,48.8,32,67.099999999999994,7,327.3,<5,§,<5,§,<5,§,<5,§,12,97.3,28,131.30000000000001,14,98.3,<5,§,70,110.7,38,110.3,32,111.2,56,117.9,5,231.2,5,57.8,<5,§,<5,§,<5,§,8,66.099999999999994,35,163.4,20,141.6,7,93.5,23,36.5,16,46.8,7,24.3,16,33.4,<5,§,<5,§,<5,§,<5,§,<5,§,<5,§,8,38,9,62.9,<5,§,15,23.8,<5,§,7,24.4,13,27.3,<5,§,<5,§,<5,§,<5,§,<5,§,<5,§,7,32.799999999999997,<5,§,<5,§,34,53.8,22,63.8,12,41.7,20,42.1,10,462.3,<5,§,<5,§,<5,§,<5,§,<5,§,19,88.7,9,63.7,<5,§
University,48,76.5,19,61.2,29,91.6,28,85,5,486.4,5,81.5,5,24.9,5,197.8,<5,§,<5,§,21,106.4,12,130.6,11,175,53,79.7,23,69.900000000000006,30,89.4,31,90.6,9,771.2,<5,§,8,36.9,<5,§,<5,§,5,20.6,28,135.4,9,96.8,9,140.80000000000001,59,86.7,35,103.8,24,69.8,44,127.6,<5,§,<5,§,5,22.3,5,173.4,<5,§,9,36.299999999999997,26,121.6,10,107.6,14,217.4,12,19.100000000000001,<5,§,8,25.3,10,30.4,<5,§,<5,§,<5,§,<5,§,<5,§,<5,§,7,35.5,<5,§,<5,§,14,21.1,<5,§,11,32.799999999999997,10,29.2,<5,§,<5,§,<5,§,<5,§,<5,§,<5,§,6,29,<5,§,5,78.2,27,39.700000000000003,17,50.4,10,29.1,19,55.1,<5,§,<5,§,<5,§,<5,§,<5,§,5,20.2,8,37.4,8,86.1,6,93.2
North Coastal Region,581,114.9,344,133.4,237,95.6,389,130,51,351.2,84,58.3,28,93.2,16,88,<5,§,99,118.3,246,180.2,188,150.4,47,78.900000000000006,658,129.1,365,140.6,293,117.1,432,144.5,54,377.1,103,70.2,33,106.6,25,133.30000000000001,8,8,127,150.5,290,212.4,190,149.80000000000001,43,69.8,640,124.4,378,144.19999999999999,262,103.8,427,142.69999999999999,56,398.5,86,57.2,27,85.3,32,166.4,<5,§,101,118.4,272,199.8,224,176.5,43,67.5,368,72.7,242,93.9,126,50.8,240,80.2,24,165.3,61,42.4,15,49.9,24,132,<5,§,66,78.8,157,115,109,87.2,34,57,394,77.3,235,90.5,159,63.6,244,81.599999999999994,31,216.5,78,53.1,19,61.4,17,90.7,5,5,72,85.3,156,114.3,131,103.3,30,48.7,524,101.9,350,133.6,174,69,348,116.3,45,320.2,79,52.6,22,69.5,28,145.6,6,5.9,118,138.30000000000001,211,155,149,117.4,40,62.8
Carlsbad,79,68.900000000000006,48,86.1,31,52.6,58,68.7,<5,§,10,60,<5,§,5,125.8,<5,§,11,90,33,109.6,23,70.5,12,67.400000000000006,100,86.3,66,117.2,34,57.1,73,86.2,6,381.2,10,58.2,5,59.8,<5,§,<5,§,28,218.2,37,125,22,66.400000000000006,13,70.400000000000006,101,86,55,96.4,46,76.2,81,95,<5,§,<5,§,<5,§,8,191.5,<5,§,15,109.4,36,122.9,36,108,14,72.7,35,30.5,20,35.9,15,25.4,29,34.4,<5,§,<5,§,<5,§,<5,§,<5,§,<5,§,17,56.5,9,27.6,6,33.700000000000003,43,37.1,23,40.799999999999997,20,33.6,32,37.799999999999997,<5,§,<5,§,<5,§,<5,§,<5,§,9,70.099999999999994,16,54,10,30.2,8,43.3,93,79.2,53,92.9,40,66.3,74,86.8,<5,§,6,33.700000000000003,<5,§,7,167.6,<5,§,19,138.6,25,85.4,35,105,14,72.7
Oceanside,239,149.6,153,193,86,106.9,133,179.1,43,619.9,39,65.099999999999994,12,97.9,6,93.9,<5,§,48,189.3,84,188.1,95,242.8,11,59.7,268,167.4,147,185,121,150.1,160,217.1,33,493.9,48,79,17,137.1,7,107.2,6,18.399999999999999,44,177.7,119,266.39999999999998,87,221.3,12,64.099999999999994,265,164.4,165,206.2,100,123.2,154,209.9,41,634.79999999999995,41,66.099999999999994,18,143.1,<5,§,<5,§,47,193.9,118,264.10000000000002,87,222.1,13,67.900000000000006,177,110.8,115,145.1,62,77.099999999999994,102,137.4,16,230.6,33,55.1,8,65.3,15,234.8,<5,§,35,138,73,163.4,55,140.6,13,70.5,173,108.1,112,141,61,75.599999999999994,93,126.2,19,284.3,37,60.9,11,88.7,8,122.5,<5,§,30,121.2,76,170.1,55,139.9,11,58.7,231,143.30000000000001,161,201.2,70,86.2,146,199,33,510.9,28,45.1,11,87.5,12,177.8,<5,§,53,218.7,104,232.7,59,150.6,13,67.900000000000006
Pendleton,<5,§,<5,§,<5,§,<5,§,<5,§,<5,§,<5,§,<5,§,<5,§,<5,§,<5,§,<5,§,<5,§,<5,§,<5,§,<5,§,<5,§,<5,§,<5,§,<5,§,<5,§,<5,§,<5,§,<5,§,<5,§,<5,§,<5,§,<5,§,<5,§,<5,§,<5,§,<5,§,<5,§,<5,§,<5,§,<5,§,<5,§,<5,§,<5,§,<5,§,<5,§,<5,§,<5,§,<5,§,<5,§,<5,§,<5,§,<5,§,<5,§,<5,§,<5,§,<5,§,<5,§,<5,§,<5,§,<5,§,<5,§,<5,§,<5,§,<5,§,<5,§,<5,§,<5,§,<5,§,<5,§,<5,§,<5,§,<5,§,<5,§,<5,§,<5,§,<5,§,<5,§,<5,§,<5,§,<5,§,<5,§,<5,§
San Dieguito,73,78.099999999999994,36,78.2,37,77.900000000000006,61,83.2,<5,§,<5,§,<5,§,<5,§,<5,§,13,138.6,30,121.6,18,61.3,12,90.7,76,80.099999999999994,35,75,41,85,55,74.3,<5,§,9,69.3,<5,§,9,306.39999999999998,<5,§,11,109.8,37,151.30000000000001,21,70.599999999999994,7,50.1,84,88,46,97.9,38,78.3,67,90.6,<5,§,8,59.6,<5,§,6,199.7,<5,§,9,84.1,49,204.9,19,64.2,7,47.7,44,47,25,54.3,19,40,36,49.1,<5,§,<5,§,<5,§,<5,§,<5,§,11,117.3,18,73,7,23.9,8,60.5,38,40,22,47.1,16,33.200000000000003,31,41.9,<5,§,<5,§,<5,§,<5,§,<5,§,9,89.8,15,61.3,10,33.6,<5,§,46,48.2,30,63.9,16,33,38,51.4,<5,§,<5,§,<5,§,<5,§,<5,§,11,102.8,23,96.2,<5,§,7,47.7
Vista,190,189.2,107,211,83,166.9,137,312.39999999999998,7,258.60000000000002,31,66.400000000000006,10,241.2,<5,§,<5,§,27,161.1,99,344.9,52,220.7,12,118.9,213,210.2,116,226.9,97,193.2,143,327.7,15,570.29999999999995,36,75.400000000000006,11,260.2,6,194.5,<5,§,43,260.7,97,335.3,60,249.1,11,105.7,189,185.1,111,215.5,78,154.19999999999999,124,286.89999999999998,13,512.20000000000005,33,67.5,<5,§,14,446.9,<5,§,30,185.3,68,232.8,82,338.1,9,84.9,112,111.5,82,161.69999999999999,30,60.3,73,166.5,7,258.60000000000002,23,49.3,<5,§,5,163.69999999999999,<5,§,17,101.4,49,170.7,38,161.30000000000001,7,69.3,137,135.19999999999999,75,146.69999999999999,62,123.5,86,197.1,12,456.3,34,71.2,<5,§,<5,§,<5,§,23,139.5,47,162.5,56,232.5,7,67.3,154,150.9,106,205.8,48,94.9,90,208.3,9,354.6,41,83.9,7,162.6,6,191.5,<5,§,35,216.2,59,202,51,210.3,6,56.6
North Inland Region,672,118,394,140.5,278,96.2,459,145.80000000000001,33,318.8,106,64.599999999999994,24,40.6,40,188.7,7,5.9,141,182.9,209,140.80000000000001,235,154.30000000000001,80,110.9,663,115.4,397,140.30000000000001,266,91.2,459,146.19999999999999,39,382.9,89,52.9,34,56.2,27,125.2,<5,§,127,159.30000000000001,239,162.6,249,161.19999999999999,45,60.3,725,124.6,404,141,321,108.7,472,150.5,37,367.7,137,78.900000000000006,33,52.8,31,140.6,5,4.2,172,207.4,261,178.6,231,148.69999999999999,56,71.900000000000006,490,86,280,99.8,210,72.7,324,102.9,23,222.2,97,59.1,20,33.799999999999997,23,108.5,5,4.2,83,107.7,174,117.2,161,105.7,67,92.9,512,89.1,279,98.6,233,79.900000000000006,345,109.9,36,353.5,73,43.4,22,36.299999999999997,33,153.1,6,5.1,89,111.6,172,117,178,115.2,67,89.8,576,99,321,112,255,86.3,368,117.4,42,417.4,108,62.2,27,43.2,28,127,10,8.4,101,121.8,231,158.1,178,114.6,56,71.900000000000006
Anza‐Borrego Springs,5,112.6,<5,§,<5,§,5,178.4,<5,§,<5,§,<5,§,<5,§,<5,§,<5,§,<5,§,<5,§,<5,§,5,107.1,<5,§,<5,§,5,177.2,<5,§,<5,§,<5,§,<5,§,<5,§,<5,§,<5,§,<5,§,<5,§,9,181.7,6,242.1,<5,§,8,280.39999999999998,<5,§,<5,§,<5,§,<5,§,<5,§,<5,§,8,1154.4000000000001,<5,§,<5,§,<5,§,<5,§,<5,§,<5,§,<5,§,<5,§,<5,§,<5,§,<5,§,<5,§,<5,§,<5,§,<5,§,<5,§,<5,§,<5,§,<5,§,<5,§,<5,§,<5,§,<5,§,<5,§,<5,§,<5,§,<5,§,<5,§,5,101,<5,§,<5,§,<5,§,<5,§,<5,§,<5,§,<5,§,<5,§,<5,§,<5,§,<5,§,<5,§
Escondido,317,194.5,180,222.6,137,166.8,197,277.10000000000002,20,594.4,70,94.5,14,137.1,12,283.39999999999998,<5,§,58,226.2,106,234.1,124,323,29,165.5,304,185.1,181,222.1,123,148.69999999999999,207,293.5,29,880.7,44,58.1,12,115.6,7,162.6,<5,§,43,166,97,214.3,152,388.5,12,67.3,318,192.2,177,215.8,141,169,204,292.39999999999998,30,927.9,67,86.5,11,104.2,5,114.1,<5,§,58,222,117,258.8,127,323.60000000000002,15,82.2,256,157,152,188,104,126.6,161,226.4,15,445.8,58,78.3,14,137.1,7,165.3,<5,§,41,159.9,94,207.6,96,250,25,142.6,279,169.9,161,197.6,118,142.6,173,245.3,30,911,47,62.1,13,125.3,15,348.5,<5,§,38,146.69999999999999,92,203.3,124,316.89999999999998,21,117.8,288,174.1,169,206,119,142.69999999999999,181,259.39999999999998,31,958.9,59,76.099999999999994,10,94.7,5,114.1,5,13.7,38,145.4,119,263.2,110,280.3,16,87.7
Fallbrook,61,129,36,152.9,25,105.2,50,183.1,<5,§,6,34.799999999999997,<5,§,<5,§,<5,§,12,168.4,12,120.2,29,220.1,8,97.8,58,121.2,32,134.19999999999999,26,108.2,36,132.19999999999999,5,904.2,13,73,<5,§,<5,§,<5,§,11,151.80000000000001,26,257.10000000000002,14,106.5,5,58.7,48,99.7,27,112.4,21,87,32,118.8,<5,§,14,76.3,<5,§,<5,§,<5,§,9,123.7,27,265.10000000000002,8,62,<5,§,40,84.6,21,89.2,19,80,23,84.2,<5,§,13,75.400000000000006,<5,§,<5,§,<5,§,<5,§,17,170.2,13,98.7,6,73.3,33,68.900000000000006,13,54.5,20,83.3,23,84.5,<5,§,5,28.1,<5,§,<5,§,<5,§,6,82.8,15,148.30000000000001,<5,§,7,82.1,56,116.3,24,99.9,32,132.6,33,122.5,<5,§,17,92.6,<5,§,<5,§,<5,§,10,137.5,27,265.10000000000002,9,69.8,9,102.5
North San Diego,95,89.2,62,120.4,33,60,66,105.3,<5,§,5,46.9,8,31.2,13,258.3,<5,§,22,192.2,26,84.3,21,72.5,24,186.3,72,66.900000000000006,42,80.7,30,54,43,68.5,<5,§,7,64,8,30.4,6,117.5,<5,§,19,158.30000000000001,27,88.7,17,57.6,8,60.1,109,98.3,59,110,50,87.3,72,112.3,<5,§,10,86.8,11,40,9,170.2,<5,§,34,259.10000000000002,34,112,24,78.900000000000006,16,113.2,57,53.5,27,52.4,30,54.5,38,60.6,<5,§,<5,§,<5,§,11,218.6,<5,§,7,61.2,15,48.6,14,48.4,18,139.80000000000001,39,36.200000000000003,18,34.6,21,37.799999999999997,30,47.8,<5,§,<5,§,<5,§,<5,§,<5,§,7,58.3,8,26.3,10,33.9,14,105.2,53,47.8,26,48.5,27,47.1,34,53,<5,§,<5,§,9,32.700000000000003,5,94.6,<5,§,9,68.599999999999994,18,59.3,18,59.2,8,56.6
Palomar‐Julian,6,95.7,<5,§,<5,§,<5,§,<5,§,<5,§,<5,§,<5,§,<5,§,6,1087,<5,§,<5,§,<5,§,7,108.9,<5,§,<5,§,6,129.6,<5,§,<5,§,<5,§,<5,§,<5,§,<5,§,<5,§,<5,§,<5,§,7,107.2,<5,§,<5,§,5,109,<5,§,<5,§,<5,§,<5,§,<5,§,<5,§,<5,§,<5,§,<5,§,<5,§,<5,§,<5,§,<5,§,<5,§,<5,§,<5,§,<5,§,<5,§,<5,§,<5,§,<5,§,<5,§,<5,§,<5,§,<5,§,<5,§,<5,§,<5,§,<5,§,<5,§,<5,§,<5,§,<5,§,<5,§,<5,§,6,91.9,<5,§,<5,§,<5,§,<5,§,<5,§,<5,§,<5,§,<5,§,<5,§,<5,§,<5,§,<5,§
Pauma,5,67,<5,§,<5,§,<5,§,<5,§,<5,§,<5,§,<5,§,<5,§,<5,§,<5,§,<5,§,<5,§,<5,§,<5,§,<5,§,<5,§,<5,§,<5,§,<5,§,<5,§,<5,§,<5,§,<5,§,<5,§,<5,§,11,141.1,6,149.5,5,132.1,5,167.4,<5,§,<5,§,<5,§,<5,§,<5,§,<5,§,5,254.3,<5,§,<5,§,<5,§,<5,§,<5,§,<5,§,<5,§,<5,§,<5,§,<5,§,<5,§,<5,§,<5,§,<5,§,<5,§,<5,§,<5,§,<5,§,<5,§,<5,§,<5,§,<5,§,<5,§,<5,§,<5,§,<5,§,<5,§,<5,§,11,141.1,7,174.4,<5,§,6,200.9,<5,§,<5,§,<5,§,<5,§,<5,§,<5,§,6,305.2,<5,§,<5,§
Poway,57,66,23,54.5,34,77,42,72.5,7,463.3,<5,§,<5,§,<5,§,<5,§,14,138.5,11,52.9,25,93.1,<5,§,69,79.400000000000006,39,91.9,30,67.5,45,77.7,<5,§,9,84.7,8,59.5,<5,§,<5,§,16,146.1,32,159,15,54.9,6,53.3,71,81.2,42,98.4,29,64.900000000000006,45,77.8,<5,§,12,109.7,<5,§,<5,§,<5,§,20,168.4,30,154,15,54.9,5,42.2,22,25.5,12,28.5,10,22.7,17,29.3,<5,§,<5,§,<5,§,<5,§,<5,§,<5,§,7,33.6,8,29.8,5,46.2,29,33.4,15,35.299999999999997,14,31.5,17,29.3,<5,§,<5,§,<5,§,<5,§,<5,§,<5,§,11,54.7,9,32.9,7,62.2,43,49.2,27,63.2,16,35.799999999999997,34,58.8,<5,§,<5,§,<5,§,<5,§,<5,§,11,92.6,14,71.900000000000006,10,36.6,7,59
Ramona,31,88.9,20,114.1,11,63.4,22,88.6,<5,§,8,97.4,<5,§,<5,§,<5,§,6,116.1,10,125.9,11,99.8,<5,§,35,98.8,21,118,14,79.400000000000006,33,131.9,<5,§,<5,§,<5,§,<5,§,<5,§,9,164.1,13,164.5,11,98.3,<5,§,41,115.1,24,134.19999999999999,17,95.8,35,140.4,<5,§,<5,§,<5,§,<5,§,<5,§,9,157.80000000000001,13,166,13,117,6,140.19999999999999,38,109,23,131.19999999999999,15,86.5,33,132.9,<5,§,5,60.9,<5,§,<5,§,<5,§,7,135.5,12,151.1,12,108.9,6,160.5,33,93.1,18,101.1,15,85.1,28,111.9,<5,§,<5,§,<5,§,<5,§,<5,§,9,164.1,14,177.1,5,44.7,5,124.6,22,61.7,9,50.3,13,73.2,18,72.2,<5,§,<5,§,<5,§,<5,§,<5,§,<5,§,7,89.4,5,45,6,140.19999999999999
San Marcos,73,81.099999999999994,47,106.8,26,56.6,54,118.8,<5,§,9,27.6,<5,§,5,174.2,<5,§,13,103.6,33,130.69999999999999,17,83.4,10,85,88,97.6,54,122.4,34,73.8,66,146.9,<5,§,13,39.1,5,67.5,<5,§,<5,§,17,132.9,33,132.5,26,125.6,12,100.8,89,97.3,48,107.3,41,87.8,56,124.7,<5,§,19,55.3,6,79,<5,§,<5,§,23,174.2,24,96.7,32,151.69999999999999,9,73.900000000000006,54,60,32,72.7,22,47.9,32,70.400000000000006,5,283.8,14,42.9,<5,§,<5,§,<5,§,14,111.6,22,87.1,11,54,7,59.5,72,79.8,35,79.3,37,80.3,54,120.2,<5,§,12,36.1,<5,§,<5,§,<5,§,17,132.9,26,104.4,19,91.8,10,84,72,78.7,45,100.6,27,57.8,47,104.7,<5,§,17,49.4,<5,§,<5,§,<5,§,13,98.5,28,112.8,19,90.1,10,82.1
Valley Center,22,94.3,16,136.69999999999999,6,51.6,17,113.6,<5,§,<5,§,<5,§,<5,§,<5,§,9,291.2,<5,§,7,91,<5,§,21,89.5,16,136,5,42.8,17,114.6,<5,§,<5,§,<5,§,<5,§,<5,§,7,214.9,7,155.30000000000001,7,91.4,<5,§,22,93.4,11,93.1,11,93.7,10,68.3,<5,§,9,144.80000000000001,<5,§,<5,§,<5,§,<5,§,<5,§,<5,§,<5,§,20,85.7,11,94,9,77.400000000000006,18,120.3,<5,§,<5,§,<5,§,<5,§,<5,§,8,258.8,6,129.19999999999999,6,78,<5,§,16,68.2,12,102,<5,§,12,80.900000000000006,<5,§,<5,§,<5,§,<5,§,<5,§,6,184.2,<5,§,6,78.400000000000006,<5,§,20,84.9,7,59.2,13,110.8,8,54.6,<5,§,<5,§,<5,§,7,432.4,<5,§,11,325.10000000000002,6,135.1,<5,§,<5,§
South Region,1332,284.3,780,333.2,552,235.5,592,603.29999999999995,135,685.1,486,175,86,144.5,19,141.6,7,6.9,182,225.3,592,448.8,470,443.3,81,166.8,1310,279,744,318.3,566,240.1,554,576.20000000000005,149,792.6,506,180,66,110,13,96.8,6,6,187,230.3,563,432.3,477,441.9,77,155.9,1353,285.8,820,348.5,533,223.9,572,602.9,136,748.3,504,176.2,98,161.5,27,198.1,7,6.9,224,271.5,563,435.7,491,450.4,68,134.69999999999999,382,81.5,224,95.7,158,67.400000000000006,173,176.3,39,197.9,141,50.8,19,31.9,<5,§,<5,§,57,70.599999999999994,155,117.5,136,128.30000000000001,32,65.900000000000006,402,85.6,240,102.7,162,68.7,181,188.3,43,228.7,145,51.6,26,43.4,<5,§,<5,§,66,81.3,156,119.8,123,113.9,55,111.3,470,99.3,312,132.6,158,66.400000000000006,179,188.7,58,319.10000000000002,177,61.9,36,59.3,18,132.1,<5,§,71,86.1,189,146.30000000000001,163,149.5,44,87.1
Chula Vista,527,457.3,312,561.70000000000005,215,360.2,250,1170.3,43,1088.3,197,242.2,28,464.8,<5,§,5,20.399999999999999,68,361.8,237,765.1,190,718,27,186,475,409.8,270,483.6,205,341.2,195,931.6,46,1201.4000000000001,199,241.1,24,395.8,5,195,<5,§,64,336.7,202,653.70000000000005,171,634.79999999999995,34,231.8,512,439.1,328,584.29999999999995,184,304.3,225,1101.9000000000001,51,1380.2,192,229.1,27,443.6,11,426.2,<5,§,71,368.9,192,626.4,223,821.7,25,169,180,156.19999999999999,106,190.9,74,124,98,458.8,18,455.6,51,62.7,6,99.6,<5,§,<5,§,24,127.7,62,200.2,76,287.2,17,117.1,166,143.19999999999999,97,173.7,69,114.8,86,410.9,17,444,50,60.6,10,164.9,<5,§,<5,§,30,157.80000000000001,53,171.5,48,178.2,34,231.8,156,133.80000000000001,118,210.2,38,62.8,67,328.1,18,487.1,60,71.599999999999994,<5,§,7,271.2,<5,§,33,171.5,54,176.2,53,195.3,14,94.6
Coronado,17,68.8,11,75.599999999999994,6,59.1,15,83.7,<5,§,<5,§,<5,§,<5,§,<5,§,<5,§,11,166.9,<5,§,<5,§,27,115.7,9,67.3,18,180.8,21,123,<5,§,<5,§,<5,§,<5,§,<5,§,5,87.9,11,183.1,9,179.6,<5,§,24,103.5,15,113.5,9,90.2,16,94.9,<5,§,<5,§,<5,§,<5,§,<5,§,5,88,10,170,7,141.9,<5,§,6,24.3,<5,§,<5,§,<5,§,<5,§,<5,§,<5,§,<5,§,<5,§,<5,§,<5,§,<5,§,<5,§,10,42.9,5,37.4,5,50.2,8,46.9,<5,§,<5,§,<5,§,<5,§,<5,§,<5,§,<5,§,<5,§,<5,§,16,69,7,53,9,90.2,14,83,<5,§,<5,§,<5,§,<5,§,<5,§,<5,§,<5,§,5,101.4,8,221.3
National City,285,488.7,165,549.9,120,423.8,145,2134.6,26,1016,80,215.4,28,265.7,5,387.3,<5,§,17,138.80000000000001,119,756.8,128,1067.5,21,340.7,303,518,173,576.5,130,456.4,150,2275.8000000000002,38,1534.1,87,231.6,20,189.2,<5,§,<5,§,29,237,123,778.4,131,1074.5,20,329.1,273,464.7,163,541.9,110,383.6,115,1796.9,22,913.2,97,254.8,37,350,<5,§,<5,§,30,243.7,114,718.5,101,826.4,26,430.9,55,94.3,35,116.7,20,70.599999999999994,25,368,6,234.5,18,48.5,6,56.9,<5,§,<5,§,10,81.599999999999994,23,146.30000000000001,18,150.1,<5,§,80,136.80000000000001,50,166.6,30,105.3,30,455.2,10,403.7,27,71.900000000000006,11,104,<5,§,<5,§,10,81.7,40,253.1,24,196.9,5,82.3,137,233.2,87,289.2,50,174.4,40,625,19,788.7,53,139.19999999999999,22,208.1,<5,§,<5,§,9,73.099999999999994,73,460.1,45,368.2,9,149.19999999999999
South Bay,393,291.3,240,352.6,153,228.9,130,633.4,55,1014,171,185,24,183.7,6,172.9,<5,§,74,309.7,174,458.7,124,405.2,20,155,408,301.89999999999998,240,352.7,168,250.5,151,750.7,48,924.7,183,196.2,13,99.5,<5,§,<5,§,55,231.4,184,489.2,151,488.5,16,121.2,423,312,252,369.6,171,253.7,164,833.5,52,1047.3,176,186.4,18,138.1,9,257.8,<5,§,89,377.5,194,518.4,127,411,12,89.2,97,71.900000000000006,59,86.7,38,56.8,29,141.30000000000001,13,239.7,47,50.8,6,45.9,<5,§,<5,§,18,75.3,47,123.9,26,85,6,46.5,106,78.400000000000006,67,98.5,39,58.1,40,198.9,9,173.4,54,57.9,<5,§,<5,§,<5,§,17,71.5,45,119.7,37,119.7,7,53,130,95.9,87,127.6,43,63.8,45,228.7,20,402.8,56,59.3,<5,§,6,171.9,<5,§,21,89.1,49,130.9,53,171.5,7,52.1
Sweetwater,110,81.3,52,78.900000000000006,58,83.6,52,164.9,11,176.2,36,56.7,6,20.8,<5,§,<5,§,23,118.7,51,125.4,24,75.099999999999994,11,95.7,97,71,52,78.2,45,64.2,37,117.7,15,248.1,35,54.2,9,30.7,<5,§,<5,§,34,165.9,43,107.7,15,45.6,5,42,121,86.9,62,91.6,59,82.5,52,165,11,186.5,36,54.3,13,43.2,<5,§,<5,§,29,133.69999999999999,53,134.6,33,97.6,<5,§,44,32.5,20,30.3,24,34.6,17,53.9,<5,§,23,36.200000000000003,<5,§,<5,§,<5,§,5,25.8,20,49.2,13,40.700000000000003,5,43.5,40,29.3,21,31.6,19,27.1,17,54.1,6,99.2,14,21.7,<5,§,<5,§,<5,§,8,39,16,40.1,10,30.4,6,50.4,31,22.3,13,19.2,18,25.2,13,41.3,<5,§,8,12.1,6,19.899999999999999,<5,§,<5,§,7,32.299999999999997,11,27.9,7,20.7,6,47.6
Unknown,<5,‐‐‐,<5,‐‐‐,<5,‐‐‐,<5,‐‐‐,<5,‐‐‐,<5,‐‐‐,<5,‐‐‐,<5,‐‐‐,<5,‐‐‐,<5,‐‐‐,<5,‐‐‐,<5,‐‐‐,<5,‐‐‐,<5,‐‐‐,<5,‐‐‐,<5,‐‐‐,<5,‐‐‐,<5,‐‐‐,<5,‐‐‐,<5,‐‐‐,<5,‐‐‐,<5,‐‐‐,<5,‐‐‐,<5,‐‐‐,<5,‐‐‐,<5,‐‐‐,1401,‐‐‐,1008,‐‐‐,393,‐‐‐,782,‐‐‐,262,‐‐‐,228,‐‐‐,32,‐‐‐,41,‐‐‐,<5,‐‐‐,146,‐‐‐,656,‐‐‐,564,‐‐‐,34,‐‐‐,171,‐‐‐,118,‐‐‐,53,‐‐‐,117,‐‐‐,33,‐‐‐,14,‐‐‐,<5,‐‐‐,<5,‐‐‐,<5,‐‐‐,14,‐‐‐,99,‐‐‐,53,‐‐‐,5,‐‐‐,179,‐‐‐,132,‐‐‐,47,‐‐‐,92,‐‐‐,52,‐‐‐,21,‐‐‐,<5,‐‐‐,8,‐‐‐,<5,‐‐‐,18,‐‐‐,102,‐‐‐,56,‐‐‐,<5,‐‐‐,6,‐‐‐,6,‐‐‐,<5,‐‐‐,5,‐‐‐,<5,‐‐‐,<5,‐‐‐,<5,‐‐‐,<5,‐‐‐,<5,‐‐‐,<5,‐‐‐,<5,‐‐‐,<5,‐‐‐,<5,‐‐‐
